<TaskDocList>

	<TaskDoc>
		<Task>Add Host to Protection Group</Task>
		<Summary>Add Host to ProtectionGroup in selected Pure Storage FlashArray</Summary>
		<Description> <![CDATA[
			This task will add host to protectionGroup in selected Pure Storage FlashArray. Please fill the provide required inputs.
			<p/>
			Input format:
			<ul>
				<li>FlashArray Account: Select the Pure storage account. Format: AccountName</li>
				<li>Host Name: Select a Valid Host Name.</li>
				<li>ProtectionGroup Name: Select a valid protectionGroup name.</li>
			</ul>				
			]]>
		</Description>
	</TaskDoc>
	
		<TaskDoc>
		<Task>Add Target to Protection Group</Task>
		<Summary>Add Target to ProtectionGroup in selected Pure Storage FlashArray</Summary>
		<Description> <![CDATA[
			This task will add ConnectionArray to protectionGroup in selected Pure Storage FlashArray. Please fill the provide required inputs.
			<p/>
			Input format:
			<ul>
				<li>FlashArray Account: Select the Pure storage account. Format: AccountName</li>
				<li>Target Name: Select a Valid Target Name.</li>
				<li>Protection Group Name: Provide a Protection Group Name.</li>
			</ul>			
			]]>
		</Description>
	</TaskDoc>
	
	<TaskDoc>
		<Task>Add Volume to Protection Group</Task>
		<Summary>Add Volume to ProtectionGroup in selected Pure Storage FlashArray</Summary>
		<Description> <![CDATA[
			This task will add volume to protectionGroup in selected Pure Storage FlashArray. Please fill the provide required inputs.
			<p/>
			Input format:
			<ul>
				<li>FlashArray Account: Select the Pure storage account. Format: AccountName</li>
				<li>Volume Name: Select a Valid Volume Name.</li>
				<li>Protection Group Name: Provide a Protection Group Name.</li>
			</ul>
			]]>
		</Description>
	</TaskDoc>
	
	<TaskDoc>
		<Task>Copy Snapshot</Task>
		<Summary>Copy Snapshot in selected Pure Storage FlashArray</Summary>
		<Description> <![CDATA[
			This task will clone snapshot in selected Pure Storage FlashArray. Please fill the provide required inputs.
			<p/>
			Input format:
			<ul>
				<li>FlashArray Account: Select the Pure storage account. Format: AccountName</li>
				<li>Select Snapshot : Select a valid snapshot name</li>
				<li>Snapshot Name: Provide a valid snapshot name</li>
			</ul>			
			]]>
		</Description>
	</TaskDoc>
	
	<TaskDoc>
		<Task>Copy Volume</Task>
		<Summary>Copy Volume in selected Pure Storage FlashArray</Summary>
		<Description> <![CDATA[
			This task will clone volume in selected Pure Storage FlashArray. Please fill the provide required inputs.
			<p/>
			Input format:
			<ul>
				<li>FlashArray Account: Select the Pure storage account. Format: AccountName</li>
				<li>Select Snapshot: Select a valid Volume name</li>
				<li>Volume Name: Provide a valid Volume name</li>
			</ul>			
			]]>
		</Description>
	</TaskDoc>
	
	
	<TaskDoc>
		<Task>Connect Host(s) to Hostgroup</Task>
		<Summary>Connect host(s) to hostGroup in selected Pure Storage FlashArray</Summary>
		<Description> <![CDATA[
			This task will connect host(s) to hostgroup in selected Pure Storage FlashArray. Please fill the provide required inputs.
				<p/>
			Input format:
			<ul>
				<li>FlashArray Account: Select the Pure storage account. Format: AccountName</li>
				<li>Host Name : Select a valid Host name. </li>
				<li>HostGroup Name: Select a valid HostGroup name. </li>
			</ul>		
			]]>
		</Description>
	</TaskDoc>
	
	<TaskDoc>
		<Task>Connect Volume(s) to Hostgroup</Task>
		<Summary>Connect Volume(s) to HostGroup in selected Pure Storage FlashArray</Summary>
		<Description> <![CDATA[
			This task will connect volume(s) to hostgroup in selected Pure Storage FlashArray. Please fill the provide required inputs.
			<p/>
			Input format:
			<ul>
				<li>FlashArray Account: Select the Pure storage account. Format: AccountName</li>
				<li>Volume Name : Select a valid Volume name. </li>
				<li>HostGroup Name: Select a valid HostGroup name. </li>
				<li>Specify Lun: Check mark to Enable lun </li>
				<li>LUN Id: Provide a valid LUN value.</li>
			</ul>						
			]]>
		</Description>
	</TaskDoc>	
	
	
	<TaskDoc>
		<Task>Connect Volume(s) to Host</Task>
		<Summary>Connect Volume(s) to Host in selected Pure Storage FlashArray</Summary>
		<Description> <![CDATA[
			This task will connect volume(s) to host in selected Pure Storage FlashArray. Please fill the provide required inputs.
			<p/>
			Input format:
			<ul>
				<li>FlashArray Account: Select the Pure storage account. Format: AccountName</li>
				<li>Volume Name : Select a valid Volume name. </li>
				<li>Host Name: Select a valid Host name. </li>
				<li>Specify Lun: Check mark to Enable lun </li>
				<li>Lun Id: Provide a valid LUN value.</li>
			</ul>			
			]]>
		</Description>
	</TaskDoc>	
	

	<TaskDoc>
		<Task>Connect wwn(s)/iqn(s) to Host</Task>
		<Summary>Connect wwn(s)/iqn(s) to Host in selected Pure Storage FlashArray</Summary>
		<Description> <![CDATA[
			This task will connect wwn(s)/iqn(s) to host in selected Pure Storage FlashArray. Please fill the provide required inputs.
			<p/>
			Input format:
			<ul>
				<li>FlashArray Account: Select the Pure storage account. Format: AccountName</li>
				<li>Host Name: Provide a valid Host name. The following special characters are only allowed:Letters,Numbers,-.</li>
				<li>Configure Fiber Channels WWPNs: Provide a valid WWPN</li>
				<li>Configure iSCSI IQNs: Provide a valid IQN</li>	
			</ul>	
			]]>
		</Description>
	</TaskDoc>

	<TaskDoc>
		<Task>Create Protection Group</Task>
		<Summary>Create Protection Group in selected Pure Storage FlashArray</Summary>
		<Description> <![CDATA[
			This task will create protectiongroup in selected Pure Storage FlashArray. Please fill the provide required inputs.
			<p/>
			Input format:
			<ul>
				<li>FlashArray Account: Select the Pure storage account. Format: AccountName</li>
				<li>ProtectionGroup : Provide a valid protectionGroup name.</li>
			</ul>			
			]]>
		</Description>
	</TaskDoc>
	
	<TaskDoc>
		<Task>Create Protection Group with HostGroup</Task>
		<Summary>Create Protection Group with HostGroup in selected Pure Storage FlashArray</Summary>
		<Description> <![CDATA[
			This task will create protectionGroup With hostgroup in selected Pure Storage FlashArray. Please fill the provide required inputs.
			<p/>
			Input format:
			<ul>
				<li>FlashArray Account: Select the Pure storage account. Format: AccountName</li>
				<li>Protection Group Name: Provide a valid protectionGroup name.</li>
				<li>Host Group: Select the valid Host Group</li>
			</ul>						
			]]>
		</Description>
	</TaskDoc>
	
	<TaskDoc>
		<Task>Create vLan Interface</Task>
		<Summary>Create vLan Interface in selected Pure Storage FlashArray</Summary>
		<Description> <![CDATA[
			This task will Create VLAN in selected Pure Storage FlashArray. Please fill the provide required inputs.
			<p/>
			Input format:
			<ul>
				<li>FlashArray Account: Select the Pure storage account. Format: AccountName</li>
				<li>Network Interface: Provide a valid network interface.</li>
				<li>Vlan Id: Provide a valid Vlan Id.</li>
				<li>Subnet Name: Provide a valid Subnet Name.</li>
				<li>IP Address: Provide a valid IP address.</li>
			</ul>
			]]>
		</Description>
	</TaskDoc>
	
	
	<TaskDoc>
		<Task>Delete Hostgroup(s)-suffix range</Task>
		<Summary>Delete Hostgroup(s)-suffix range in selected Pure Storage FlashArray</Summary>
		<Description> <![CDATA[
			This task will delete hostgroup(s)-suffix range in selected Pure Storage FlashArray. Please fill the provide required inputs.
			<p/>
			Input format:
			<ul>
				<li>FlashArray Account: Select the Pure storage account. Format: AccountName</li>
				<li>HostGroup Name: Select a valid HostGroup name. </li>
			</ul>					
			]]>
		</Description>
	</TaskDoc>
	

	<TaskDoc>
		<Task>Delete Host</Task>
		<Summary>Delete Host in selected Pure Storage FlashArray</Summary>
		<Description> <![CDATA[
			This task will delete host in selected Pure Storage FlashArray. Please fill the provide required inputs.
			<p/>
			Input format:
			<ul>
				<li>FlashArray Account: Select the Pure storage account. Format: AccountName</li>
				<li>Host Name: Select a valid Host name. </li>
			</ul>			
			]]>
		</Description>
	</TaskDoc>
	
	<TaskDoc>
		<Task>Delete Protection Group</Task>
		<Summary>Delete ProtectionGroup in selected Pure Storage FlashArray</Summary>
		<Description> <![CDATA[
			This task will Delete ProtectionGroup in selected Pure Storage FlashArray. Please fill the provide required inputs.
				<p/>
			Input format:
			<ul>
				<li>FlashArray Account: Select the Pure storage account. Format: AccountName</li>
				<li>ProtectionGroup Name: Select the valid protectionGroup name</li>		
			</ul>				
			]]>
		</Description>
	</TaskDoc>
	
	<TaskDoc>
		<Task>Disable Scheduled Volume Snapshot</Task>
		<Summary>Disable Scheduled Volume Snapshot in selected Pure Storage FlashArray</Summary>
		<Description> <![CDATA[
			This task will disable scheduled volume snapshot in selected Pure Storage FlashArray. Please fill the provide required inputs.
				<p/>
			Input format:
			<ul>
				<li>FlashArray Account: Select the Pure storage account. Format: AccountName</li>
				<li>Volume Name: Select the valid Volume name</li>		
			</ul>			
			]]>
		</Description>
	</TaskDoc>
	
	<TaskDoc>
		<Task>Delete vLan Interface</Task>
		<Summary>Delete vLan Interface</Summary>
		<Description> <![CDATA[
			This task will Delete vLan Interface in selected Pure Storage FlashArray. Please fill the provide required inputs.
			<p/>
			Input format:
			<ul>
				<li>FlashArray Account: Select the Pure storage account. Format: AccountName.</li>
				<li>VLan Name: Select the valid Vlan name.</li>		
			</ul>			
			]]>
		</Description>
	</TaskDoc>
	
	<TaskDoc>
		<Task>Destroy Snapshot</Task>
		<Summary>Destroy Snapshot in selected Pure Storage FlashArray</Summary>
		<Description> <![CDATA[
			This task will Destroy Snapshot in selected Pure Storage FlashArray. Please fill the provide required inputs.
			<p/>
			Input format:
			<ul>
				<li>FlashArray Account: Select the Pure storage account. Format: AccountName.</li>
				<li>Select Snapshot: Select the valid snapshot name.</li>		
			</ul>		
			]]>
		</Description>
	</TaskDoc>
	
	<TaskDoc>
		<Task>Destroy Volume(s)-suffix range</Task>
		<Summary>Destroy Volume(s)-suffix range in selected Pure Storage FlashArray</Summary>
		<Description> <![CDATA[
			This task will destroy volume in selected Pure Storage FlashArray. Please fill the provide required inputs.
			<p/>
			Input format:
			<ul>
				<li>FlashArray Account: Select the Pure storage account. Format: AccountName</li>
				<li>Volume Name: Select a valid volume name. </li>
			</ul>			
			]]>
		</Description>
	</TaskDoc>
	
	
	<TaskDoc>
		<Task>Disconnect Volumes with Host</Task>
		<Summary>Disconnect Volume(s) to Host in selected Pure Storage FlashArray</Summary>
		<Description> <![CDATA[
			This task will disconnect volume(s) to host in selected Pure Storage FlashArray. Please fill the provide required inputs.
			<p/>
			Input format:
			<ul>
				<li>FlashArray Account: Select the Pure storage account. Format: AccountName</li>
				<li>Volume Name : Select a valid Volume name. </li>
				<li>Host Name: Select a valid Host name. </li>
			</ul>			
			]]>
		</Description>
	</TaskDoc>
	
	<TaskDoc>
		<Task>Disconnect Host(s) with Host Group</Task>
		<Summary>Disconnect Host(s) with Host Group in selected Pure Storage FlashArray</Summary>
		<Description> <![CDATA[
			This task will disconnect host(s) with host group in selected Pure Storage FlashArray. Please fill the provide required inputs.
				<p/>
			Input format:
			<ul>
				<li>FlashArray Account: Select the Pure storage account. Format: AccountName.</li>
				<li>Select Host: Select the valid host name.</li>
				<li>Select HostGroup: Select the valid hostGroup name</li>		
			</ul>				
			]]>
		</Description>
	</TaskDoc>
	
		
	<TaskDoc>
		<Task>Disconnect Volumes with Host Group</Task>
		<Summary>Disconnect Volume(s) to Host in selected Pure Storage FlashArray</Summary>
		<Description> <![CDATA[
			This task will disconnect volume(s) to host in selected Pure Storage FlashArray. Please fill the provide required inputs.
			<p/>
			Input format:
			<ul>
				<li>FlashArray Account: Select the Pure storage account. Format: AccountName</li>
				<li>Volume Name : Select a valid Volume name. </li>
				<li>Host Group Name: Select a valid HostGroup name. </li>
			</ul>			
			]]>
		</Description>
	</TaskDoc>
	
	
	
	<TaskDoc>
		<Task>Create Hostgroup(s)-suffix range</Task>
		<Summary>Create HostGroup(s) in selected Pure Storage FlashArray</Summary>
		<Description> <![CDATA[
			This task will create Hostgroup(s) in selected Pure Storage FlashArray. Please fill the provide required inputs.
			<p/>
			Input format:
			<ul>
				<li>FlashArray Account: Select the Pure storage account. Format: AccountName</li>
				<li>Host Group Preffix Name or Whole Name: Provide a valid Host Group Name. The following special characters are only allowed:Letters,Numbers,- .</li>
				<li>Host Group Suffix Start Number:Volume will be created according to the Host Group Suffix Start Number </li>
				<li>Host Group Suffix End Number: Volume will be created according to the Host Group Suffix End Number </li>
			</ul>				
			]]>
		</Description>
	</TaskDoc>
	
	<TaskDoc>
		<Task>Create Host</Task>
		<Summary>Create Host in selected Pure Storage FlashArray</Summary>
		<Description> <![CDATA[
			This task will create host in selected Pure Storage FlashArray. Please fill the provide required inputs.
			<p/>
			Input format:
			<ul>
				<li>FlashArray Account: Select the Pure storage account. Format: AccountName</li>
				<li>Host Name: Provide a valid Host name. The following special characters are only allowed:Letters,Numbers,-.</li>
				<li>Configure Fiber Channels WWPNs: Provide a valid WWPN</li>
				<li>Configure iSCSI IQNs: Provide a valid IQN</li>
			</ul>			
			]]>
		</Description>
	</TaskDoc>
	
	<TaskDoc>
		<Task>Create Volume(s)-suffix range</Task>
		<Summary>Create volume(s) in selected Pure Storage FlashArray</Summary>
		<Description> <![CDATA[
			This task will create volume(s) in selected Pure Storage FlashArray. Please fill the provide required inputs.			
			<p/>
			Input format:
			<ul>
				<li>FlashArray Account: Select the Pure storage account. Format: AccountName</li>
				<li>Volume Preffix Name or Whole Name: Provide a valid Volume name. The following special characters are only allowed:Letters,Numbers,-,_ .</li>
				<li>Volume Suffix Start Number:Volume will be created according to the Volume Suffix Start Number </li>
				<li>Volume Suffix End Number: Volume will be created according to the Volume Suffix End Number </li>
				<li>Volume Size Unit:Select the Volume Unit.</li>
				<li>Volume Size Number: Provide a valid volume size. Minimum size is 1 KB</li>
			</ul>
			]]>
		</Description>
	</TaskDoc>
		
	 <TaskDoc>
		<Task>Remove Host From Protection Group</Task>
		<Summary>Remove Host from ProtectionGroup in selected Pure Storage FlashArray</Summary>
		<Description> <![CDATA[
			This task will Remove host to protectiongroup in selected Pure Storage FlashArray. Please fill the provide required inputs.
			<p/>
			Input format:
			<ul>
				<li>FlashArray Account: Select the Pure storage account. Format: AccountName</li>
				<li>Host Name: Select the valid host name.</li>	
				<li>ProtectionGroup Name: Select the valid protectionGroup name.</li>	
			</ul>			
			]]>
		</Description>
	</TaskDoc>
	
	<TaskDoc>
		<Task>Remove Target from Protection Group</Task>
		<Summary>Remove target from protectionGroup in selected Pure Storage FlashArray</Summary>
		<Description> <![CDATA[
			This task will Remove target from ProtectionGroup in selected Pure Storage FlashArray. Please fill the provide required inputs.
			<p/>
			Input format:
			<ul>
				<li>FlashArray Account: Select the Pure storage account. Format: AccountName</li>
				<li>Target Name: Select the valid target name.</li>	
				<li>ProtectionGroup Name: Select the valid protectionGroup name.</li>	
			</ul>			
			]]>
		</Description>
	</TaskDoc>
	
	
	<TaskDoc>
		<Task>Remove Volume From Protection Group</Task>
		<Summary>Remove Volume from ProtectionGroup in selected Pure Storage FlashArray</Summary>
		<Description> <![CDATA[
			This task will Remove Volume to ProtectionGroup in selected Pure Storage FlashArray. Please fill the provide required inputs.
				<p/>
			Input format:
			<ul>
				<li>FlashArray Account: Select the Pure storage account. Format: AccountName</li>
				<li>Volume Name: Select the valid Volume name.</li>	
				<li>ProtectionGroup Name: Select the valid protectionGroup name.</li>
			</ul>				
			]]>
		</Description>
	</TaskDoc>

	<TaskDoc>
		<Task>Resize Volume</Task>
		<Summary>Resize Volume in selected Pure Storage FlashArray</Summary>
		<Description> <![CDATA[
			This task will resize volume in selected Pure Storage FlashArray. Please fill the provide required inputs.
			<p/>
			Input format:
			<ul>
			<li>FlashArray Account: Select the Pure storage account. Format: AccountName</li>
			<li>Select Volume: Select the Valid Volume Name.</li>
			<li>Volume Size Unit:Select the Volume Unit.</li>
			<li>Volume Size Number: Provide a valid volume size number. Minimum size is 1 KB</li>						
			]]>
		</Description>
	</TaskDoc>

<TaskDoc>
		<Task>Restore Volume From Snapshot</Task>
		<Summary>Restore Volume From Snapshot in selected Pure Storage FlashArray</Summary>
		<Description> <![CDATA[
			This task will restore volume from snapshot in selected Pure Storage FlashArray. Please fill the provide required inputs.
			<p/>
			Input format:
			<ul>
				<li>FlashArray Account: Select the Pure storage account. Format: AccountName</li>
				<li>Volume Name: Select a valid volume name.</li>
				<li>Select Snapshot: Select a valid Snapshot.</li>
			</ul>			
			]]>
		</Description>
	</TaskDoc>

	<TaskDoc>
		<Task>Rollback Resize Volume Task</Task>
		<Summary>RollBack Resize Volume Task in selected Pure Storage FlashArray</Summary>
		<Description> <![CDATA[
			This task will rollback resize volume in selected Pure Storage FlashArray. Please fill the provide required inputs.
			<p/>
			Input format:
			<ul>
				<li>FlashArray Account: Select the Pure storage account. Format: AccountName</li>
				<li>Volume Name: Select a valid volume name. </li>
			</ul>			
			]]>
		</Description>
	</TaskDoc>
	
	
	
	<TaskDoc>
		<Task>Schedule Volume Snapshot</Task>
		<Summary>Schedule Volume Snapshot in selected Pure Storage FlashArray</Summary>
		<Description> <![CDATA[
			This task will Schedule Volume Snapshot in selected Pure Storage FlashArray. Please fill the provide required inputs.
				<p/>
			Input format:
			<ul>
			<li>FlashArray Account: Select the Pure storage account. Format: AccountName</li>
			<li>Volume Name: Select the Valid Volume Name.</li>	
			<li>Frequency Unit: Select the Valid Frequency unit.</li>
			<li>Creating Frequency: Provide a valid frequency number.</li>
			<li>Snap at: Select the Valid Snap Time.</li>
			<li>Retain Unit: Select the Valid Retain Unit.</li>
			<li>Retain Period: Provide a Valid Retain period.</li>
			<li>Number of retaining snapshot per day: Provide a valid number of retaining snapshot per day.</li>
			<li>Retaining days: Provide a valid Retaining days.</li>.
			</ul>		
			]]>
		</Description>
	</TaskDoc>			

		<TaskDoc>
		<Task>Schedule Replication</Task>
		<Summary>Schedule Replication in selected Pure Storage FlashArray</Summary>
		<Description> <![CDATA[
			This task will Schedule Schedule Replication in selected Pure Storage FlashArray. Please fill the provide required inputs.
				<p/>
			Input format:
			<ul>
			<li>FlashArray Account: Select the Pure storage account. Format: AccountName</li>
			<li>Volume Name: Select the Valid Volume Name.</li>	
			<li>Frequency Unit: Select the Valid Frequency unit.</li>
			<li>Creating Frequency: Provide a valid frequency number.</li>
			<li>Snap at: Select the Valid Snap Time.</li>
			<li>Retain Unit: Select the Valid Retain Unit.</li>
			<li>Retain Period: Provide a Valid Retain period.</li>
			<li>Number of retaining snapshot per day: Provide a valid number of retaining snapshot per day.</li>
			<li>Retaining days: Provide a valid Retaining days.</li>.
			</ul>		
			]]>
		</Description>
	</TaskDoc>			
</TaskDocList>
